STATION,NAME,LATITUDE,LONGITUDE,DATE,TAVG,TMAX,TMIN
USR0000GBRE,"BRENDER GEORGIA, GA US",33.0097,-83.7397,2024-01-01,43,63,31
USR0000GBRE,"BRENDER GEORGIA, GA US",33.0097,-83.7397,2024-01-02,36,56,24
USR0000GBRE,"BRENDER GEORGIA, GA US",33.0097,-83.7397,2024-01-03,34,43,23
USR0000GBRE,"BRENDER GEORGIA, GA US",33.0097,-83.7397,2024-01-04,40,59,28
USR0000GBRE,"BRENDER GEORGIA, GA US",33.0097,-83.7397,2024-01-05,42,58,27
USR0000GBRE,"BRENDER GEORGIA, GA US",33.0097,-83.7397,2024-01-06,46,54,39
USR0000GBRE,"BRENDER GEORGIA, GA US",33.0097,-83.7397,2024-01-07,43,56,31
USR0000GBRE,"BRENDER GEORGIA, GA US",33.0097,-83.7397,2024-01-08,41,54,29
USR0000GBRE,"BRENDER GEORGIA, GA US",33.0097,-83.7397,2024-01-09,54,64,43
USR0000GBRE,"BRENDER GEORGIA, GA US",33.0097,-83.7397,2024-01-10,43,55,31
USR0000GBRE,"BRENDER GEORGIA, GA US",33.0097,-83.7397,2024-01-11,41,62,28
USR0000GBRE,"BRENDER GEORGIA, GA US",33.0097,-83.7397,2024-01-12,48,61,32
USR0000GBRE,"BRENDER GEORGIA, GA US",33.0097,-83.7397,2024-01-13,42,53,29
USR0000GBRE,"BRENDER GEORGIA, GA US",33.0097,-83.7397,2024-01-14,40,63,24
USR0000GBRE,"BRENDER GEORGIA, GA US",33.0097,-83.7397,2024-01-15,47,68,31
USR0000GBRE,"BRENDER GEORGIA, GA US",33.0097,-83.7397,2024-01-16,38,50,23
USR0000GBRE,"BRENDER GEORGIA, GA US",33.0097,-83.7397,2024-01-17,27,47,16
USR0000GBRE,"BRENDER GEORGIA, GA US",33.0097,-83.7397,2024-01-18,37,56,19
USR0000GBRE,"BRENDER GEORGIA, GA US",33.0097,-83.7397,2024-01-19,44,53,31
USR0000GBRE,"BRENDER GEORGIA, GA US",33.0097,-83.7397,2024-01-20,29,40,21
USR0000GBRE,"BRENDER GEORGIA, GA US",33.0097,-83.7397,2024-01-21,27,45,12
USR0000GBRE,"BRENDER GEORGIA, GA US",33.0097,-83.7397,2024-01-22,39,57,22
USR0000GBRE,"BRENDER GEORGIA, GA US",33.0097,-83.7397,2024-01-23,51,60,44
USR0000GBRE,"BRENDER GEORGIA, GA US",33.0097,-83.7397,2024-01-24,59,71,51
USR0000GBRE,"BRENDER GEORGIA, GA US",33.0097,-83.7397,2024-01-25,69,77,62
USR0000GBRE,"BRENDER GEORGIA, GA US",33.0097,-83.7397,2024-01-26,65,76,58
USR0000GBRE,"BRENDER GEORGIA, GA US",33.0097,-83.7397,2024-01-27,63,71,56
USR0000GBRE,"BRENDER GEORGIA, GA US",33.0097,-83.7397,2024-01-28,51,62,47
USR0000GBRE,"BRENDER GEORGIA, GA US",33.0097,-83.7397,2024-01-29,48,61,34
USR0000GBRE,"BRENDER GEORGIA, GA US",33.0097,-83.7397,2024-01-30,44,65,27
USR0000GBRE,"BRENDER GEORGIA, GA US",33.0097,-83.7397,2024-01-31,47,61,32
USR0000GBRE,"BRENDER GEORGIA, GA US",33.0097,-83.7397,2024-02-01,43,66,27
USR0000GBRE,"BRENDER GEORGIA, GA US",33.0097,-83.7397,2024-02-02,50,74,33
USR0000GBRE,"BRENDER GEORGIA, GA US",33.0097,-83.7397,2024-02-03,51,66,37
USR0000GBRE,"BRENDER GEORGIA, GA US",33.0097,-83.7397,2024-02-04,45,49,41
USR0000GBRE,"BRENDER GEORGIA, GA US",33.0097,-83.7397,2024-02-05,45,54,36
USR0000GBRE,"BRENDER GEORGIA, GA US",33.0097,-83.7397,2024-02-06,44,64,29
USR0000GBRE,"BRENDER GEORGIA, GA US",33.0097,-83.7397,2024-02-07,41,60,27
USR0000GBRE,"BRENDER GEORGIA, GA US",33.0097,-83.7397,2024-02-08,45,62,28
USR0000GBRE,"BRENDER GEORGIA, GA US",33.0097,-83.7397,2024-02-09,54,68,41
USR0000GBRE,"BRENDER GEORGIA, GA US",33.0097,-83.7397,2024-02-10,60,68,51
USR0000GBRE,"BRENDER GEORGIA, GA US",33.0097,-83.7397,2024-02-11,63,66,60
USR0000GBRE,"BRENDER GEORGIA, GA US",33.0097,-83.7397,2024-02-12,58,60,51
USR0000GBRE,"BRENDER GEORGIA, GA US",33.0097,-83.7397,2024-02-13,50,62,35
USR0000GBRE,"BRENDER GEORGIA, GA US",33.0097,-83.7397,2024-02-14,46,70,29
USR0000GBRE,"BRENDER GEORGIA, GA US",33.0097,-83.7397,2024-02-15,50,73,32
USR0000GBRE,"BRENDER GEORGIA, GA US",33.0097,-83.7397,2024-02-16,53,67,40
USR0000GBRE,"BRENDER GEORGIA, GA US",33.0097,-83.7397,2024-02-17,49,55,40
USR0000GBRE,"BRENDER GEORGIA, GA US",33.0097,-83.7397,2024-02-18,41,55,35
USR0000GBRE,"BRENDER GEORGIA, GA US",33.0097,-83.7397,2024-02-19,45,66,32
USR0000GBRE,"BRENDER GEORGIA, GA US",33.0097,-83.7397,2024-02-20,44,66,26
USR0000GBRE,"BRENDER GEORGIA, GA US",33.0097,-83.7397,2024-02-21,47,69,28
USR0000GBRE,"BRENDER GEORGIA, GA US",33.0097,-83.7397,2024-02-22,55,73,33
USR0000GBRE,"BRENDER GEORGIA, GA US",33.0097,-83.7397,2024-02-23,61,73,44
USR0000GBRE,"BRENDER GEORGIA, GA US",33.0097,-83.7397,2024-02-24,54,72,35
USR0000GBRE,"BRENDER GEORGIA, GA US",33.0097,-83.7397,2024-02-25,47,66,28
USR0000GBRE,"BRENDER GEORGIA, GA US",33.0097,-83.7397,2024-02-26,56,77,34
USR0000GBRE,"BRENDER GEORGIA, GA US",33.0097,-83.7397,2024-02-27,64,74,56
USR0000GBRE,"BRENDER GEORGIA, GA US",33.0097,-83.7397,2024-02-28,64,79,46
USR0000GBRE,"BRENDER GEORGIA, GA US",33.0097,-83.7397,2024-02-29,48,58,39
USR0000GBRE,"BRENDER GEORGIA, GA US",33.0097,-83.7397,2024-03-01,42,45,41
USR0000GBRE,"BRENDER GEORGIA, GA US",33.0097,-83.7397,2024-03-02,52,60,44
USR0000GBRE,"BRENDER GEORGIA, GA US",33.0097,-83.7397,2024-03-03,59,66,55
USR0000GBRE,"BRENDER GEORGIA, GA US",33.0097,-83.7397,2024-03-04,62,71,53
USR0000GBRE,"BRENDER GEORGIA, GA US",33.0097,-83.7397,2024-03-05,57,62,51
USR0000GBRE,"BRENDER GEORGIA, GA US",33.0097,-83.7397,2024-03-06,63,73,55
USR0000GBRE,"BRENDER GEORGIA, GA US",33.0097,-83.7397,2024-03-07,62,78,48
USR0000GBRE,"BRENDER GEORGIA, GA US",33.0097,-83.7397,2024-03-08,63,72,54
USR0000GBRE,"BRENDER GEORGIA, GA US",33.0097,-83.7397,2024-03-09,66,75,57
USR0000GBRE,"BRENDER GEORGIA, GA US",33.0097,-83.7397,2024-03-10,55,66,43
USR0000GBRE,"BRENDER GEORGIA, GA US",33.0097,-83.7397,2024-03-11,50,68,31
USR0000GBRE,"BRENDER GEORGIA, GA US",33.0097,-83.7397,2024-03-12,54,77,33
USR0000GBRE,"BRENDER GEORGIA, GA US",33.0097,-83.7397,2024-03-13,57,78,38
USR0000GBRE,"BRENDER GEORGIA, GA US",33.0097,-83.7397,2024-03-14,63,84,42
USR0000GBRE,"BRENDER GEORGIA, GA US",33.0097,-83.7397,2024-03-15,61,69,52
USR0000GBRE,"BRENDER GEORGIA, GA US",33.0097,-83.7397,2024-03-16,66,79,56
USR0000GBRE,"BRENDER GEORGIA, GA US",33.0097,-83.7397,2024-03-17,57,70,49
USR0000GBRE,"BRENDER GEORGIA, GA US",33.0097,-83.7397,2024-03-18,54,67,41
USR0000GBRE,"BRENDER GEORGIA, GA US",33.0097,-83.7397,2024-03-19,47,64,32
USR0000GBRE,"BRENDER GEORGIA, GA US",33.0097,-83.7397,2024-03-20,54,76,33
USR0000GBRE,"BRENDER GEORGIA, GA US",33.0097,-83.7397,2024-03-21,61,80,40
USR0000GBRE,"BRENDER GEORGIA, GA US",33.0097,-83.7397,2024-03-22,59,62,57
USR0000GBRE,"BRENDER GEORGIA, GA US",33.0097,-83.7397,2024-03-23,60,68,51
USR0000GBRE,"BRENDER GEORGIA, GA US",33.0097,-83.7397,2024-03-24,53,69,38
USR0000GBRE,"BRENDER GEORGIA, GA US",33.0097,-83.7397,2024-03-25,56,69,45
USR0000GBRE,"BRENDER GEORGIA, GA US",33.0097,-83.7397,2024-03-26,63,72,57
USR0000GBRE,"BRENDER GEORGIA, GA US",33.0097,-83.7397,2024-03-27,60,77,52
USR0000GBRE,"BRENDER GEORGIA, GA US",33.0097,-83.7397,2024-03-28,59,76,46
USR0000GBRE,"BRENDER GEORGIA, GA US",33.0097,-83.7397,2024-03-29,55,75,35
USR0000GBRE,"BRENDER GEORGIA, GA US",33.0097,-83.7397,2024-03-30,60,81,40
USR0000GBRE,"BRENDER GEORGIA, GA US",33.0097,-83.7397,2024-03-31,64,82,47
USR0000GBRE,"BRENDER GEORGIA, GA US",33.0097,-83.7397,2024-04-01,71,82,58
USR0000GBRE,"BRENDER GEORGIA, GA US",33.0097,-83.7397,2024-04-02,74,82,67
USR0000GBRE,"BRENDER GEORGIA, GA US",33.0097,-83.7397,2024-04-03,65,72,52
USR0000GBRE,"BRENDER GEORGIA, GA US",33.0097,-83.7397,2024-04-04,55,69,42
USR0000GBRE,"BRENDER GEORGIA, GA US",33.0097,-83.7397,2024-04-05,53,69,36
USR0000GBRE,"BRENDER GEORGIA, GA US",33.0097,-83.7397,2024-04-06,52,68,35
USR0000GBRE,"BRENDER GEORGIA, GA US",33.0097,-83.7397,2024-04-07,56,75,35
USR0000GBRE,"BRENDER GEORGIA, GA US",33.0097,-83.7397,2024-04-08,63,79,48
USR0000GBRE,"BRENDER GEORGIA, GA US",33.0097,-83.7397,2024-04-09,63,70,58
USR0000GBRE,"BRENDER GEORGIA, GA US",33.0097,-83.7397,2024-04-10,68,78,60
USR0000GBRE,"BRENDER GEORGIA, GA US",33.0097,-83.7397,2024-04-11,67,81,55
USR0000GBRE,"BRENDER GEORGIA, GA US",33.0097,-83.7397,2024-04-12,61,76,44
USR0000GBRE,"BRENDER GEORGIA, GA US",33.0097,-83.7397,2024-04-13,59,81,39
USR0000GBRE,"BRENDER GEORGIA, GA US",33.0097,-83.7397,2024-04-14,66,89,44
USR0000GBRE,"BRENDER GEORGIA, GA US",33.0097,-83.7397,2024-04-15,68,88,52
USR0000GBRE,"BRENDER GEORGIA, GA US",33.0097,-83.7397,2024-04-16,66,85,51
USR0000GBRE,"BRENDER GEORGIA, GA US",33.0097,-83.7397,2024-04-17,71,85,59
USR0000GBRE,"BRENDER GEORGIA, GA US",33.0097,-83.7397,2024-04-18,74,88,61
USR0000GBRE,"BRENDER GEORGIA, GA US",33.0097,-83.7397,2024-04-19,76,90,66
USR0000GBRE,"BRENDER GEORGIA, GA US",33.0097,-83.7397,2024-04-20,73,86,62
USR0000GBRE,"BRENDER GEORGIA, GA US",33.0097,-83.7397,2024-04-21,57,61,46
USR0000GBRE,"BRENDER GEORGIA, GA US",33.0097,-83.7397,2024-04-22,54,69,42
USR0000GBRE,"BRENDER GEORGIA, GA US",33.0097,-83.7397,2024-04-23,57,75,38
USR0000GBRE,"BRENDER GEORGIA, GA US",33.0097,-83.7397,2024-04-24,63,81,43
USR0000GBRE,"BRENDER GEORGIA, GA US",33.0097,-83.7397,2024-04-25,66,83,50
USR0000GBRE,"BRENDER GEORGIA, GA US",33.0097,-83.7397,2024-04-26,70,83,52
USR0000GBRE,"BRENDER GEORGIA, GA US",33.0097,-83.7397,2024-04-27,68,79,59
USR0000GBRE,"BRENDER GEORGIA, GA US",33.0097,-83.7397,2024-04-28,68,81,56
USR0000GBRE,"BRENDER GEORGIA, GA US",33.0097,-83.7397,2024-04-29,67,82,53
USR0000GBRE,"BRENDER GEORGIA, GA US",33.0097,-83.7397,2024-04-30,68,77,60
USR0000GBRE,"BRENDER GEORGIA, GA US",33.0097,-83.7397,2024-05-01,70,87,55
USR0000GBRE,"BRENDER GEORGIA, GA US",33.0097,-83.7397,2024-05-02,72,90,52
USR0000GBRE,"BRENDER GEORGIA, GA US",33.0097,-83.7397,2024-05-03,75,87,65
USR0000GBRE,"BRENDER GEORGIA, GA US",33.0097,-83.7397,2024-05-04,71,80,64
USR0000GBRE,"BRENDER GEORGIA, GA US",33.0097,-83.7397,2024-05-05,73,87,62
USR0000GBRE,"BRENDER GEORGIA, GA US",33.0097,-83.7397,2024-05-06,74,88,66
USR0000GBRE,"BRENDER GEORGIA, GA US",33.0097,-83.7397,2024-05-07,75,87,64
USR0000GBRE,"BRENDER GEORGIA, GA US",33.0097,-83.7397,2024-05-08,76,89,64
USR0000GBRE,"BRENDER GEORGIA, GA US",33.0097,-83.7397,2024-05-09,70,76,65
USR0000GBRE,"BRENDER GEORGIA, GA US",33.0097,-83.7397,2024-05-10,70,83,59
USR0000GBRE,"BRENDER GEORGIA, GA US",33.0097,-83.7397,2024-05-11,64,79,50
USR0000GBRE,"BRENDER GEORGIA, GA US",33.0097,-83.7397,2024-05-12,65,81,51
USR0000GBRE,"BRENDER GEORGIA, GA US",33.0097,-83.7397,2024-05-13,63,67,59
USR0000GBRE,"BRENDER GEORGIA, GA US",33.0097,-83.7397,2024-05-14,71,82,64
USR0000GBRE,"BRENDER GEORGIA, GA US",33.0097,-83.7397,2024-05-15,73,86,63
USR0000GBRE,"BRENDER GEORGIA, GA US",33.0097,-83.7397,2024-05-16,73,88,61
USR0000GBRE,"BRENDER GEORGIA, GA US",33.0097,-83.7397,2024-05-17,67,72,62
USR0000GBRE,"BRENDER GEORGIA, GA US",33.0097,-83.7397,2024-05-18,70,78,66
USR0000GBRE,"BRENDER GEORGIA, GA US",33.0097,-83.7397,2024-05-19,71,81,63
USR0000GBRE,"BRENDER GEORGIA, GA US",33.0097,-83.7397,2024-05-20,70,86,57
USR0000GBRE,"BRENDER GEORGIA, GA US",33.0097,-83.7397,2024-05-21,72,87,57
USR0000GBRE,"BRENDER GEORGIA, GA US",33.0097,-83.7397,2024-05-22,74,89,60
USR0000GBRE,"BRENDER GEORGIA, GA US",33.0097,-83.7397,2024-05-23,77,92,64
USR0000GBRE,"BRENDER GEORGIA, GA US",33.0097,-83.7397,2024-05-24,78,93,65
USR0000GBRE,"BRENDER GEORGIA, GA US",33.0097,-83.7397,2024-05-25,73,83,64
USR0000GBRE,"BRENDER GEORGIA, GA US",33.0097,-83.7397,2024-05-26,79,93,67
USR0000GBRE,"BRENDER GEORGIA, GA US",33.0097,-83.7397,2024-05-27,73,77,69
USR0000GBRE,"BRENDER GEORGIA, GA US",33.0097,-83.7397,2024-05-28,77,92,63
USR0000GBRE,"BRENDER GEORGIA, GA US",33.0097,-83.7397,2024-05-29,73,90,56
USR0000GBRE,"BRENDER GEORGIA, GA US",33.0097,-83.7397,2024-05-30,71,88,56
USR0000GBRE,"BRENDER GEORGIA, GA US",33.0097,-83.7397,2024-05-31,71,87,53
USR0000GBRE,"BRENDER GEORGIA, GA US",33.0097,-83.7397,2024-06-01,72,84,62
USR0000GBRE,"BRENDER GEORGIA, GA US",33.0097,-83.7397,2024-06-02,77,86,69
USR0000GBRE,"BRENDER GEORGIA, GA US",33.0097,-83.7397,2024-06-03,78,91,66
USR0000GBRE,"BRENDER GEORGIA, GA US",33.0097,-83.7397,2024-06-04,77,89,68
USR0000GBRE,"BRENDER GEORGIA, GA US",33.0097,-83.7397,2024-06-05,76,84,70
USR0000GBRE,"BRENDER GEORGIA, GA US",33.0097,-83.7397,2024-06-06,79,90,68
USR0000GBRE,"BRENDER GEORGIA, GA US",33.0097,-83.7397,2024-06-07,78,94,62
USR0000GBRE,"BRENDER GEORGIA, GA US",33.0097,-83.7397,2024-06-08,73,90,54
USR0000GBRE,"BRENDER GEORGIA, GA US",33.0097,-83.7397,2024-06-09,80,97,61
USR0000GBRE,"BRENDER GEORGIA, GA US",33.0097,-83.7397,2024-06-10,78,91,65
USR0000GBRE,"BRENDER GEORGIA, GA US",33.0097,-83.7397,2024-06-11,75,92,57
USR0000GBRE,"BRENDER GEORGIA, GA US",33.0097,-83.7397,2024-06-12,79,94,64
USR0000GBRE,"BRENDER GEORGIA, GA US",33.0097,-83.7397,2024-06-13,79,93,64
USR0000GBRE,"BRENDER GEORGIA, GA US",33.0097,-83.7397,2024-06-14,80,97,62
USR0000GBRE,"BRENDER GEORGIA, GA US",33.0097,-83.7397,2024-06-15,81,100,66
USR0000GBRE,"BRENDER GEORGIA, GA US",33.0097,-83.7397,2024-06-16,83,98,68
USR0000GBRE,"BRENDER GEORGIA, GA US",33.0097,-83.7397,2024-06-17,82,93,69
USR0000GBRE,"BRENDER GEORGIA, GA US",33.0097,-83.7397,2024-06-18,80,92,69
USR0000GBRE,"BRENDER GEORGIA, GA US",33.0097,-83.7397,2024-06-19,80,92,68
USR0000GBRE,"BRENDER GEORGIA, GA US",33.0097,-83.7397,2024-06-20,79,94,66
USR0000GBRE,"BRENDER GEORGIA, GA US",33.0097,-83.7397,2024-06-21,80,96,63
USR0000GBRE,"BRENDER GEORGIA, GA US",33.0097,-83.7397,2024-06-22,82,97,67
USR0000GBRE,"BRENDER GEORGIA, GA US",33.0097,-83.7397,2024-06-23,85,102,73
USR0000GBRE,"BRENDER GEORGIA, GA US",33.0097,-83.7397,2024-06-24,81,98,69
USR0000GBRE,"BRENDER GEORGIA, GA US",33.0097,-83.7397,2024-06-25,82,100,63
USR0000GBRE,"BRENDER GEORGIA, GA US",33.0097,-83.7397,2024-06-26,85,104,65
USR0000GBRE,"BRENDER GEORGIA, GA US",33.0097,-83.7397,2024-06-27,79,91,72
USR0000GBRE,"BRENDER GEORGIA, GA US",33.0097,-83.7397,2024-06-28,82,95,72
USR0000GBRE,"BRENDER GEORGIA, GA US",33.0097,-83.7397,2024-06-29,83,96,74
USR0000GBRE,"BRENDER GEORGIA, GA US",33.0097,-83.7397,2024-06-30,84,95,75
USR0000GBRE,"BRENDER GEORGIA, GA US",33.0097,-83.7397,2024-07-01,83,95,74
USR0000GBRE,"BRENDER GEORGIA, GA US",33.0097,-83.7397,2024-07-02,80,87,74
USR0000GBRE,"BRENDER GEORGIA, GA US",33.0097,-83.7397,2024-07-03,80,96,73
USR0000GBRE,"BRENDER GEORGIA, GA US",33.0097,-83.7397,2024-07-04,83,96,73
USR0000GBRE,"BRENDER GEORGIA, GA US",33.0097,-83.7397,2024-07-05,85,98,75
USR0000GBRE,"BRENDER GEORGIA, GA US",33.0097,-83.7397,2024-07-06,82,99,75
USR0000GBRE,"BRENDER GEORGIA, GA US",33.0097,-83.7397,2024-07-07,79,86,74
USR0000GBRE,"BRENDER GEORGIA, GA US",33.0097,-83.7397,2024-07-08,81,93,73
USR0000GBRE,"BRENDER GEORGIA, GA US",33.0097,-83.7397,2024-07-09,81,97,73
USR0000GBRE,"BRENDER GEORGIA, GA US",33.0097,-83.7397,2024-07-10,83,93,74
USR0000GBRE,"BRENDER GEORGIA, GA US",33.0097,-83.7397,2024-07-11,80,95,66
USR0000GBRE,"BRENDER GEORGIA, GA US",33.0097,-83.7397,2024-07-12,81,99,65
USR0000GBRE,"BRENDER GEORGIA, GA US",33.0097,-83.7397,2024-07-13,83,98,67
USR0000GBRE,"BRENDER GEORGIA, GA US",33.0097,-83.7397,2024-07-14,86,103,69
USR0000GBRE,"BRENDER GEORGIA, GA US",33.0097,-83.7397,2024-07-15,85,101,72
USR0000GBRE,"BRENDER GEORGIA, GA US",33.0097,-83.7397,2024-07-16,85,99,73
USR0000GBRE,"BRENDER GEORGIA, GA US",33.0097,-83.7397,2024-07-17,80,99,72
USR0000GBRE,"BRENDER GEORGIA, GA US",33.0097,-83.7397,2024-07-18,79,97,70
USR0000GBRE,"BRENDER GEORGIA, GA US",33.0097,-83.7397,2024-07-19,78,90,71
USR0000GBRE,"BRENDER GEORGIA, GA US",33.0097,-83.7397,2024-07-20,76,85,72
USR0000GBRE,"BRENDER GEORGIA, GA US",33.0097,-83.7397,2024-07-21,77,91,71
USR0000GBRE,"BRENDER GEORGIA, GA US",33.0097,-83.7397,2024-07-22,78,89,71
USR0000GBRE,"BRENDER GEORGIA, GA US",33.0097,-83.7397,2024-07-23,81,95,71
USR0000GBRE,"BRENDER GEORGIA, GA US",33.0097,-83.7397,2024-07-24,78,95,70
USR0000GBRE,"BRENDER GEORGIA, GA US",33.0097,-83.7397,2024-07-25,79,91,73
USR0000GBRE,"BRENDER GEORGIA, GA US",33.0097,-83.7397,2024-07-26,79,91,71
USR0000GBRE,"BRENDER GEORGIA, GA US",33.0097,-83.7397,2024-07-27,79,89,71
USR0000GBRE,"BRENDER GEORGIA, GA US",33.0097,-83.7397,2024-07-28,79,88,73
USR0000GBRE,"BRENDER GEORGIA, GA US",33.0097,-83.7397,2024-07-29,77,92,72
USR0000GBRE,"BRENDER GEORGIA, GA US",33.0097,-83.7397,2024-07-30,80,94,70
USR0000GBRE,"BRENDER GEORGIA, GA US",33.0097,-83.7397,2024-07-31,78,97,70
USR0000GBRE,"BRENDER GEORGIA, GA US",33.0097,-83.7397,2024-08-01,83,97,70
USR0000GBRE,"BRENDER GEORGIA, GA US",33.0097,-83.7397,2024-08-02,85,99,75
USR0000GBRE,"BRENDER GEORGIA, GA US",33.0097,-83.7397,2024-08-03,80,92,73
USR0000GBRE,"BRENDER GEORGIA, GA US",33.0097,-83.7397,2024-08-04,81,93,71
USR0000GBRE,"BRENDER GEORGIA, GA US",33.0097,-83.7397,2024-08-05,78,88,73
USR0000GBRE,"BRENDER GEORGIA, GA US",33.0097,-83.7397,2024-08-06,80,89,75
USR0000GBRE,"BRENDER GEORGIA, GA US",33.0097,-83.7397,2024-08-07,83,96,72
USR0000GBRE,"BRENDER GEORGIA, GA US",33.0097,-83.7397,2024-08-08,85,96,73
USR0000GBRE,"BRENDER GEORGIA, GA US",33.0097,-83.7397,2024-08-09,84,98,74
USR0000GBRE,"BRENDER GEORGIA, GA US",33.0097,-83.7397,2024-08-10,83,97,73
USR0000GBRE,"BRENDER GEORGIA, GA US",33.0097,-83.7397,2024-08-11,81,95,69
USR0000GBRE,"BRENDER GEORGIA, GA US",33.0097,-83.7397,2024-08-12,80,97,67
USR0000GBRE,"BRENDER GEORGIA, GA US",33.0097,-83.7397,2024-08-13,81,98,67
USR0000GBRE,"BRENDER GEORGIA, GA US",33.0097,-83.7397,2024-08-14,80,90,73
USR0000GBRE,"BRENDER GEORGIA, GA US",33.0097,-83.7397,2024-08-15,79,90,69
USR0000GBRE,"BRENDER GEORGIA, GA US",33.0097,-83.7397,2024-08-16,80,93,67
USR0000GBRE,"BRENDER GEORGIA, GA US",33.0097,-83.7397,2024-08-17,79,95,69
USR0000GBRE,"BRENDER GEORGIA, GA US",33.0097,-83.7397,2024-08-18,78,95,69
USR0000GBRE,"BRENDER GEORGIA, GA US",33.0097,-83.7397,2024-08-19,78,94,66
USR0000GBRE,"BRENDER GEORGIA, GA US",33.0097,-83.7397,2024-08-20,77,92,64
USR0000GBRE,"BRENDER GEORGIA, GA US",33.0097,-83.7397,2024-08-21,76,88,65
USR0000GBRE,"BRENDER GEORGIA, GA US",33.0097,-83.7397,2024-08-22,75,87,65
USR0000GBRE,"BRENDER GEORGIA, GA US",33.0097,-83.7397,2024-08-23,72,86,58
USR0000GBRE,"BRENDER GEORGIA, GA US",33.0097,-83.7397,2024-08-24,74,90,61
USR0000GBRE,"BRENDER GEORGIA, GA US",33.0097,-83.7397,2024-08-25,74,91,56
USR0000GBRE,"BRENDER GEORGIA, GA US",33.0097,-83.7397,2024-08-26,77,93,63
USR0000GBRE,"BRENDER GEORGIA, GA US",33.0097,-83.7397,2024-08-27,79,98,64
USR0000GBRE,"BRENDER GEORGIA, GA US",33.0097,-83.7397,2024-08-28,82,97,68
USR0000GBRE,"BRENDER GEORGIA, GA US",33.0097,-83.7397,2024-08-29,79,98,69
USR0000GBRE,"BRENDER GEORGIA, GA US",33.0097,-83.7397,2024-08-30,79,96,67
USR0000GBRE,"BRENDER GEORGIA, GA US",33.0097,-83.7397,2024-08-31,81,95,69
USR0000GBRE,"BRENDER GEORGIA, GA US",33.0097,-83.7397,2024-09-01,80,96,70
USR0000GBRE,"BRENDER GEORGIA, GA US",33.0097,-83.7397,2024-09-02,79,92,70
USR0000GBRE,"BRENDER GEORGIA, GA US",33.0097,-83.7397,2024-09-03,76,85,66
USR0000GBRE,"BRENDER GEORGIA, GA US",33.0097,-83.7397,2024-09-04,74,86,62
USR0000GBRE,"BRENDER GEORGIA, GA US",33.0097,-83.7397,2024-09-05,74,83,69
USR0000GBRE,"BRENDER GEORGIA, GA US",33.0097,-83.7397,2024-09-06,72,78,68
USR0000GBRE,"BRENDER GEORGIA, GA US",33.0097,-83.7397,2024-09-07,76,90,67
USR0000GBRE,"BRENDER GEORGIA, GA US",33.0097,-83.7397,2024-09-08,75,87,66
USR0000GBRE,"BRENDER GEORGIA, GA US",33.0097,-83.7397,2024-09-09,73,86,64
USR0000GBRE,"BRENDER GEORGIA, GA US",33.0097,-83.7397,2024-09-10,73,88,61
USR0000GBRE,"BRENDER GEORGIA, GA US",33.0097,-83.7397,2024-09-11,69,78,64
USR0000GBRE,"BRENDER GEORGIA, GA US",33.0097,-83.7397,2024-09-12,70,74,67
USR0000GBRE,"BRENDER GEORGIA, GA US",33.0097,-83.7397,2024-09-13,72,76,69
USR0000GBRE,"BRENDER GEORGIA, GA US",33.0097,-83.7397,2024-09-14,72,76,70
USR0000GBRE,"BRENDER GEORGIA, GA US",33.0097,-83.7397,2024-09-15,73,78,68
USR0000GBRE,"BRENDER GEORGIA, GA US",33.0097,-83.7397,2024-09-16,72,81,62
USR0000GBRE,"BRENDER GEORGIA, GA US",33.0097,-83.7397,2024-09-17,72,88,58
USR0000GBRE,"BRENDER GEORGIA, GA US",33.0097,-83.7397,2024-09-18,75,86,67
USR0000GBRE,"BRENDER GEORGIA, GA US",33.0097,-83.7397,2024-09-19,74,89,63
USR0000GBRE,"BRENDER GEORGIA, GA US",33.0097,-83.7397,2024-09-20,76,91,62
USR0000GBRE,"BRENDER GEORGIA, GA US",33.0097,-83.7397,2024-09-21,77,94,64
USR0000GBRE,"BRENDER GEORGIA, GA US",33.0097,-83.7397,2024-09-22,79,99,65
USR0000GBRE,"BRENDER GEORGIA, GA US",33.0097,-83.7397,2024-09-23,80,98,67
USR0000GBRE,"BRENDER GEORGIA, GA US",33.0097,-83.7397,2024-09-24,80,94,69
USR0000GBRE,"BRENDER GEORGIA, GA US",33.0097,-83.7397,2024-09-25,76,88,67
USR0000GBRE,"BRENDER GEORGIA, GA US",33.0097,-83.7397,2024-09-26,71,75,67
USR0000GBRE,"BRENDER GEORGIA, GA US",33.0097,-83.7397,2024-09-27,73,83,64
USR0000GBRE,"BRENDER GEORGIA, GA US",33.0097,-83.7397,2024-09-28,72,85,62
USR0000GBRE,"BRENDER GEORGIA, GA US",33.0097,-83.7397,2024-09-29,75,86,68
USR0000GBRE,"BRENDER GEORGIA, GA US",33.0097,-83.7397,2024-09-30,75,87,65
USR0000GBRE,"BRENDER GEORGIA, GA US",33.0097,-83.7397,2024-10-01,72,87,64
USR0000GBRE,"BRENDER GEORGIA, GA US",33.0097,-83.7397,2024-10-02,73,89,60
USR0000GBRE,"BRENDER GEORGIA, GA US",33.0097,-83.7397,2024-10-03,74,87,64
USR0000GBRE,"BRENDER GEORGIA, GA US",33.0097,-83.7397,2024-10-04,72,82,66
USR0000GBRE,"BRENDER GEORGIA, GA US",33.0097,-83.7397,2024-10-05,73,88,65
USR0000GBRE,"BRENDER GEORGIA, GA US",33.0097,-83.7397,2024-10-06,73,88,64
USR0000GBRE,"BRENDER GEORGIA, GA US",33.0097,-83.7397,2024-10-07,73,92,59
USR0000GBRE,"BRENDER GEORGIA, GA US",33.0097,-83.7397,2024-10-08,69,86,56
USR0000GBRE,"BRENDER GEORGIA, GA US",33.0097,-83.7397,2024-10-09,66,77,58
USR0000GBRE,"BRENDER GEORGIA, GA US",33.0097,-83.7397,2024-10-10,64,80,50
USR0000GBRE,"BRENDER GEORGIA, GA US",33.0097,-83.7397,2024-10-11,58,77,43
USR0000GBRE,"BRENDER GEORGIA, GA US",33.0097,-83.7397,2024-10-12,60,82,43
USR0000GBRE,"BRENDER GEORGIA, GA US",33.0097,-83.7397,2024-10-13,65,86,46
USR0000GBRE,"BRENDER GEORGIA, GA US",33.0097,-83.7397,2024-10-14,65,81,48
USR0000GBRE,"BRENDER GEORGIA, GA US",33.0097,-83.7397,2024-10-15,57,75,40
USR0000GBRE,"BRENDER GEORGIA, GA US",33.0097,-83.7397,2024-10-16,52,67,39
USR0000GBRE,"BRENDER GEORGIA, GA US",33.0097,-83.7397,2024-10-17,48,69,32
USR0000GBRE,"BRENDER GEORGIA, GA US",33.0097,-83.7397,2024-10-18,51,72,34
USR0000GBRE,"BRENDER GEORGIA, GA US",33.0097,-83.7397,2024-10-19,53,76,36
USR0000GBRE,"BRENDER GEORGIA, GA US",33.0097,-83.7397,2024-10-20,56,80,37
USR0000GBRE,"BRENDER GEORGIA, GA US",33.0097,-83.7397,2024-10-21,57,81,39
USR0000GBRE,"BRENDER GEORGIA, GA US",33.0097,-83.7397,2024-10-22,61,82,43
USR0000GBRE,"BRENDER GEORGIA, GA US",33.0097,-83.7397,2024-10-23,64,85,48
USR0000GBRE,"BRENDER GEORGIA, GA US",33.0097,-83.7397,2024-10-24,65,88,50
USR0000GBRE,"BRENDER GEORGIA, GA US",33.0097,-83.7397,2024-10-25,62,88,44
USR0000GBRE,"BRENDER GEORGIA, GA US",33.0097,-83.7397,2024-10-26,66,90,50
USR0000GBRE,"BRENDER GEORGIA, GA US",33.0097,-83.7397,2024-10-27,63,79,53
USR0000GBRE,"BRENDER GEORGIA, GA US",33.0097,-83.7397,2024-10-28,61,73,53
USR0000GBRE,"BRENDER GEORGIA, GA US",33.0097,-83.7397,2024-10-29,63,78,50
USR0000GBRE,"BRENDER GEORGIA, GA US",33.0097,-83.7397,2024-10-30,69,84,60
USR0000GBRE,"BRENDER GEORGIA, GA US",33.0097,-83.7397,2024-10-31,67,84,56
USR0000GBRE,"BRENDER GEORGIA, GA US",33.0097,-83.7397,2024-11-01,67,87,54
USR0000GBRE,"BRENDER GEORGIA, GA US",33.0097,-83.7397,2024-11-02,68,83,58
USR0000GBRE,"BRENDER GEORGIA, GA US",33.0097,-83.7397,2024-11-03,65,72,59
USR0000GBRE,"BRENDER GEORGIA, GA US",33.0097,-83.7397,2024-11-04,62,67,56
USR0000GBRE,"BRENDER GEORGIA, GA US",33.0097,-83.7397,2024-11-05,69,80,64
USR0000GBRE,"BRENDER GEORGIA, GA US",33.0097,-83.7397,2024-11-06,70,74,65
USR0000GBRE,"BRENDER GEORGIA, GA US",33.0097,-83.7397,2024-11-07,70,73,67
USR0000GBRE,"BRENDER GEORGIA, GA US",33.0097,-83.7397,2024-11-08,71,79,66
USR0000GBRE,"BRENDER GEORGIA, GA US",33.0097,-83.7397,2024-11-09,69,77,61
USR0000GBRE,"BRENDER GEORGIA, GA US",33.0097,-83.7397,2024-11-10,60,63,57
USR0000GBRE,"BRENDER GEORGIA, GA US",33.0097,-83.7397,2024-11-11,64,77,59
USR0000GBRE,"BRENDER GEORGIA, GA US",33.0097,-83.7397,2024-11-12,61,80,50
USR0000GBRE,"BRENDER GEORGIA, GA US",33.0097,-83.7397,2024-11-13,57,66,49
